Workbook

Sheet Hoja1
D3: CODIGO | E3: ARTICULO | F3: PRECIO
D4: X1A | E4: Ordenador | F4: 1081.82
D5: JK2 | E5: Disco Duro | F5: 210.35
D6: L33 | E6: CD Rom | F6: 168.28
D7: AR5 | E7: Tarjeta de Sonido | F7: 90.15
D8: IUW | E8: Altavoces | F8: 30.05
D9: GGA | E9: Ratón | F9: 24.04
D10: ZZS | E10: Grabadora | F10: 480.81

Sheet Hoja2
C3: Fecha | D3: 46175
C4: Cliente | D4: Saúl Begega Álvarez
C7: CÓDIGO | D7: DESCRIPCIÓN | E7: CANTIDAD | F7: PRECIO | G7: IMPORTE
C8: X1A | D8: =IFERROR(VLOOKUP(C8,Hoja1!$D$4:$F$10,2,0),"") -> Ordenador | E8: 3 | F8: =IFERROR(VLOOKUP(C8,Hoja1!$D$4:$F$10,3,0),"") -> 1081.82 | G8: =IF(D8="","",IF(E8="","Introduce una cantidad",F8*E8)) -> 3245.46
C9: JK2 | D9: =IFERROR(VLOOKUP(C9,Hoja1!$D$4:$F$10,2,0),"") -> Disco Duro | E9: 6 | F9: =IFERROR(VLOOKUP(C9,Hoja1!$D$4:$F$10,3,0),"") -> 210.35 | G9: =IF(D9="","",IF(E9="","Introduce una cantidad",F9*E9)) -> 1262.1
C10: L33 | D10: =IFERROR(VLOOKUP(C10,Hoja1!$D$4:$F$10,2,0),"") -> CD Rom | E10: 3 | F10: =IFERROR(VLOOKUP(C10,Hoja1!$D$4:$F$10,3,0),"") -> 168.28 | G10: =IF(D10="","",IF(E10="","Introduce una cantidad",F10*E10)) -> 504.84
C11: AR5 | D11: =IFERROR(VLOOKUP(C11,Hoja1!$D$4:$F$10,2,0),"") -> Tarjeta de Sonido | E11: 2 | F11: =IFERROR(VLOOKUP(C11,Hoja1!$D$4:$F$10,3,0),"") -> 90.15 | G11: =IF(D11="","",IF(E11="","Introduce una cantidad",F11*E11)) -> 180.3
C12: IUW | D12: =IFERROR(VLOOKUP(C12,Hoja1!$D$4:$F$10,2,0),"") -> Altavoces | E12: 159 | F12: =IFERROR(VLOOKUP(C12,Hoja1!$D$4:$F$10,3,0),"") -> 30.05 | G12: =IF(D12="","",IF(E12="","Introduce una cantidad",F12*E12)) -> 4777.95
C13: GGA | D13: =IFERROR(VLOOKUP(C13,Hoja1!$D$4:$F$10,2,0),"") -> Ratón | F13: =IFERROR(VLOOKUP(C13,Hoja1!$D$4:$F$10,3,0),"") -> 24.04 | G13: =IF(D13="","",IF(E13="","Introduce una cantidad",F13*E13)) -> Introduce una cantidad
C14: ZZS | D14: =IFERROR(VLOOKUP(C14,Hoja1!$D$4:$F$10,2,0),"") -> Grabadora | E14: 0 | F14: =IFERROR(VLOOKUP(C14,Hoja1!$D$4:$F$10,3,0),"") -> 480.81 | G14: =IF(D14="","",IF(E14="","Introduce una cantidad",F14*E14)) -> 0
C15: JK2 | D15: =IFERROR(VLOOKUP(C15,Hoja1!$D$4:$F$10,2,0),"") -> Disco Duro | F15: =IFERROR(VLOOKUP(C15,Hoja1!$D$4:$F$10,3,0),"") -> 210.35 | G15: =IF(D15="","",IF(E15="","Introduce una cantidad",F15*E15)) -> Introduce una cantidad
C16: JK2 | D16: =IFERROR(VLOOKUP(C16,Hoja1!$D$4:$F$10,2,0),"") -> Disco Duro | E16: 0 | F16: =IFERROR(VLOOKUP(C16,Hoja1!$D$4:$F$10,3,0),"") -> 210.35 | G16: =IF(D16="","",IF(E16="","Introduce una cantidad",F16*E16)) -> 0
D17: =IFERROR(VLOOKUP(C17,Hoja1!$D$4:$F$10,2,0),"") | F17: =IFERROR(VLOOKUP(C17,Hoja1!$D$4:$F$10,3,0),"") | G17: =IF(D17="","",IF(E17="","Introduce una cantidad",F17*E17))
D18: =IFERROR(VLOOKUP(C18,Hoja1!$D$4:$F$10,2,0),"") | F18: =IFERROR(VLOOKUP(C18,Hoja1!$D$4:$F$10,3,0),"") | G18: =IF(D18="","",IF(E18="","Introduce una cantidad",F18*E18))
D19: =IFERROR(VLOOKUP(C19,Hoja1!$D$4:$F$10,2,0),"") | F19: =IFERROR(VLOOKUP(C19,Hoja1!$D$4:$F$10,3,0),"") | G19: =IF(D19="","",IF(E19="","Introduce una cantidad",F19*E19))
D20: =IFERROR(VLOOKUP(C20,Hoja1!$D$4:$F$10,2,0),"") | F20: =IFERROR(VLOOKUP(C20,Hoja1!$D$4:$F$10,3,0),"") | G20: =IF(D20="","",IF(E20="","Introduce una cantidad",F20*E20))
D21: =IFERROR(VLOOKUP(C21,Hoja1!$D$4:$F$10,2,0),"") | F21: =IFERROR(VLOOKUP(C21,Hoja1!$D$4:$F$10,3,0),"") | G21: =IF(D21="","",IF(E21="","Introduce una cantidad",F21*E21))
D22: =IFERROR(VLOOKUP(C22,Hoja1!$D$4:$F$10,2,0),"") | F22: =IFERROR(VLOOKUP(C22,Hoja1!$D$4:$F$10,3,0),"") | G22: =IF(D22="","",IF(E22="","Introduce una cantidad",F22*E22))
D23: =IFERROR(VLOOKUP(C23,Hoja1!$D$4:$F$10,2,0),"") | F23: =IFERROR(VLOOKUP(C23,Hoja1!$D$4:$F$10,3,0),"") | G23: =IF(D23="","",IF(E23="","Introduce una cantidad",F23*E23))

Sheet Hoja3
A1: COD | B1: CONCEPTO | C1: CANTIDAD | D1: UD/EUROS | E1: UD/LIBRAS | F1: TOT/EUR | G1: TOT/LIBRAS
A2: TVC123 | B2: =IFERROR(VLOOKUP(A2,$A$14:$C$17,2,),"") -> Televisor Color 28" | C2: 1 | D2: =IFERROR(VLOOKUP(A2,$A$14:$C$17,3,),"") -> 725.95 | E2: =D2*0.86 -> 624.317 | F2: =D2*C2 -> 725.95 | G2: =E2*C2 -> 624.317
A3: VHS198 | B3: =IFERROR(VLOOKUP(A3,$A$14:$C$17,2,),"") -> Video VHS 4 Cabezales | C3: 1 | D3: =IFERROR(VLOOKUP(A3,$A$14:$C$17,3,),"") -> 540.9 | E3: =D3*0.86 -> 465.174 | F3: =D3*C3 -> 540.9 | G3: =E3*C3 -> 465.174
A4: MTV100 | B4: =IFERROR(VLOOKUP(A4,$A$14:$C$17,2,),"") -> Mueble TV | C4: 1 | D4: =IFERROR(VLOOKUP(A4,$A$14:$C$17,3,),"") -> 180.3 | E4: =D4*0.86 -> 155.058 | F4: =D4*C4 -> 180.3 | G4: =E4*C4 -> 155.058
A5: ALT234 | B5: =IFERROR(VLOOKUP(A5,$A$14:$C$17,2,),"") -> Altavoces 3 vías | C5: 2 | D5: =IFERROR(VLOOKUP(A5,$A$14:$C$17,3,),"") -> 90.15 | E5: =D5*0.86 -> 77.529 | F5: =D5*C5 -> 180.3 | G5: =E5*C5 -> 155.058
A6: VHS198 | B6: =IFERROR(VLOOKUP(A6,$A$14:$C$17,2,),"") -> Video VHS 4 Cabezales | D6: =IFERROR(VLOOKUP(A6,$A$14:$C$17,3,),"") -> 540.9 | E6: =IF(B6="","",IF(C6="","Introduce una cantidad",D6*0.86)) -> Introduce una cantidad
B7: =IFERROR(VLOOKUP(A7,$A$14:$C$17,2,),"") | D7: =IFERROR(VLOOKUP(A7,$A$14:$C$17,3,),"") | E7: =IF(B7="","",(IF(C7="","Introduce una cantidad",D7*0.86)))
B8: =IFERROR(VLOOKUP(A8,$A$14:$C$17,2,),"") | D8: =IFERROR(VLOOKUP(A8,$A$14:$C$17,3,),"") | E8: =IF(B8="","",(IF(C8="","Introduce una cantidad",D8*0.86)))
B9: =IFERROR(VLOOKUP(A9,$A$14:$C$17,2,),"") | D9: =IFERROR(VLOOKUP(A9,$A$14:$C$17,3,),"") | E9: =IF(B9="","",(IF(C9="","Introduce una cantidad",D9*0.86)))
B10: =IFERROR(VLOOKUP(A10,$A$14:$C$17,2,),"") | D10: =IFERROR(VLOOKUP(A10,$A$14:$C$17,3,),"") | E10: =IF(B10="","",(IF(C10="","Introduce una cantidad",D10*0.86)))
A13: COD | B13: CONCEPTO | C13: PRECIO
A14: TVC123 | B14: Televisor Color 28" | C14: 725.95
A15: VHS198 | B15: Video VHS 4 Cabezales | C15: 540.9
A16: MTV100 | B16: Mueble TV | C16: 180.3
A17: ALT234 | B17: Altavoces 3 vías | C17: 90.15
